{
  "trainers": [
    "d7f17b44-3797-4837-b477-e0a09ccb9edd",
    "bd8218f6-7591-4c5b-b99a-682988359d7e",
    "5e9e9a8b-6def-4544-bd1f-ea16a173ef26"
  ],
  "originalDim": "minecraft:overworld",
  "adjustX": 0.0,
  "originalPos": [
    -596.1394711627693,
    65.0625,
    58.22236139256961
  ]
}